repo,stars
gohugoio/hugo,21643
future-architect/vuls,4882
apex/up,3968
tj/node-prune,3074
gchaincl/httplab,2936
tsuru/tsuru,2612
adtac/commento,2235
goreleaser/goreleaser,2149
travisjeffery/jocko,2038
knqyf263/pet,1617
hacdias/filemanager,1461
v2tec/watchtower,1431
awslabs/aws-sam-local,1393
tdewolff/minify,1296
apex/gh-polls,1271
justwatchcom/gopass,1264
alecthomas/chroma,1211
osrg/gobgp,1107
barnybug/cli53,1079
linkedin/Burrow,1001
celrenheit/sandglass,944
metrue/fx,939
serverless/event-gateway,763
gwuhaolin/lightsocks,752
matthewmueller/joy,583
huacnlee/flora-kit,569
getantibody/antibody,485
go-task/task,432
cloudnativelabs/kube-router,393
magefile/mage,380
t3rm1n4l/megacmd,375
client9/misspell,345
maliceio/malice,326
rykov/paperboy,313
codeskyblue/gosuv,291
google/metallb,278
codeskyblue/gohttpserver,259
boz/kail,244
bketelsen/captainhook,231
aybabtme/humanlog,229
martensson/nixy,225
kyoh86/richgo,220
schollz/croc,207
gwuhaolin/livego,202
getfider/fider,172
bep/s3deploy,152
wendigo/go-bind-plugin,152
ValeLint/vale,145
schollz/pluck,135
corywalker/expreduce,132
jetstack/tarmak,128
dreadl0ck/zeus,121
howeyc/ledger,120
dave/blast,113
gen0cide/gscript,110
gnormal/gnorm,108
schollz/linkcrawler,105
ncw/stressdisk,104
stripe/stripe-mock,103
evilsocket/arc,103
tsuru/planb,100
qvl/ghbackup,98
guillaumebreton/gone,98
qvl/sleepto,92
lucapette/fakedata,91
sroberts/cacador,78
kirillrogovoy/pullkee,78
luizbafilho/fusis,77
aybabtme/datagen,76
zalando-incubator/zally,74
Oxalide/vsphere-influxdb-go,74
goreleaser/godownloader,71
gulien/orbit,71
daptin/daptin,70
qvl/promplot,65
jonog/redalert,62
greenboxal/dns-heaven,61
creativesoftwarefdn/weaviate,61
skorokithakis/gweet,59
huacnlee/gobackup,57
Shopify/kubeaudit,54
DheerendraRathor/GoTracer,53
vjeantet/bitfan,53
andreas-schroeder/kafka-health-check,49
komuW/meli,49
xwjdsh/manssh,48
wendigo/chrome-protocol-proxy,43
beplus/makeicon,41
phayes/freeport,40
lucapette/deloominator,39
boz/ephemerald,37
adejoux/nmon2influxdb,36
hypnoglow/helm-s3,35
influxdata/ifql,35
bketelsen/gogrep,33
rliebz/tusk,33
Leviathan1995/fari-proxy,32
kamilsk/retry,31
tsuru/tsuru-client,31
osteele/gojekyll,30
mesuutt/turengo,30
zupzup/calories,29
31z4/harvest,28
cmars/ormesh,28
jbarone/ghostToHugo,27
JulienBreux/pody,26
zaquestion/lab,25
openatx/wdaproxy,24
nyaruka/courier,24
ripienaar/rotrep,23
qvl/httpsyet,23
genkiroid/cert,23
caarlos0/example,22
barnybug/s3,22
pr8kerl/f5er,22
caarlos0/fork-cleaner,21
kaihendry/lk,21
xshellinc/iotit,20
qa-dev/jsonwire-grid,19
buildkite/packer-builder-veertu-anka,19
schollz/crawdad,19
envkey/envkey-source,19
arke-works/arke,18
martinhoefling/saltbeat,18
snwfdhmp/duck,18
bketelsen/ngc,17
pusher/cli,17
petermbenjamin/s3-fuzzer,17
dunglas/stack2slack,16
lexkong/grapehttp,16
schollz/boltdb-server,15
gen0cide/laforge,15
kyoh86/scopelint,15
monax/hoard,15
kamilsk/semaphore,15
Mirantis/k8s-apps,15
sascha-andres/go-logsink,15
Southclaws/sampctl,14
caarlos0/karmahub,14
itkSource/lorhammer,13
hacdias/webdav,13
nem-toolchain/nem-toolchain,13
syossan27/kirimori,13
wrouesnel/prometheus-prefiller,12
replicatedhq/replicated,12
AmadeusITGroup/workflow-controller,12
jetstack/vault-unsealer,12
sascha-andres/devenv,12
CityOfZion/neo-go-sdk,12
zeebe-io/zbc-go,11
wacul/ichigo,11
jacobbednarz/go-csp-collector,11
tednaleid/ganda,11
lucapette/tracker,10
skatsuta/athenai,10
yarikbratashchuk/slk,10
Aptomi/aptomi,10
moncho/warpwallet,10
mkevac/hmm,10
caarlos0/promfmt,10
aybabtme/godotto,9
romainmenke/simple-guetzli,9
ahmed-taj/git-todos,9
go-jsonfile/jsonfiddle,9
caarlos0/org-stats,9
n0rad/housecream,9
andygrunwald/jitic,9
caarlos0/github-vacations,9
compose/bach,9
ovh/ldp-tail,9
openatx/atx-agent,8
caarlos0/twatcher,8
ihaiker/distributed-gosuv,8
uw-labs/strongbox,8
MYOB-Technology/konfigurator,8
lrstanley/links,8
petermbenjamin/orthrus,8
nouney/helm-gcs,8
issmirnov/zap,7
egnyte/ax,7
caarlos0/victorops-notifier,7
darvid/nessusbeat,7
envkey/envkey-fetch,7
dairycart/dairycart,7
caarlos0/domain_exporter,7
NERDDISCO/VisionLord,7
zeebe-io/zeebe-operator,7
cjsaylor/jrnl,7
tleyden/cecil,7
openpixel/rise,6
joyent/pg_prefaulter,6
rai-project/rai,6
leandro-lugaresi/message-cannon,6
chasinglogic/dfm,6
docker-gantry/gantry,6
cirocosta/l7,6
okzk/env-injector,6
webhookrelay/client,6
zerok/concourse-piper,6
kevingimbel/license,6
sandreas/graft,5
rnitame/daily,5
jvermillard/slackstatus,5
whats-this/owo.go,5
caarlos0/route53-cleaner,5
ifad/clammit,5
bep/twittercard-proxy,5
screwdriver-cd/launcher,5
wayneashleyberry/phpl,5
nyaruka/goflow,5
dotzero/git-profile,5
Tympanix/artoodetoo,5
ewilde/terraform-provider-runscope,5
LoliGothick/cbt,5
schollz/urlss,4
coveo/tgf,4
Jimdo/elb-instance-status,4
mch1307/gomotics,4
cirocosta/sdns,4
mbialon/getrand,4
klauern/remy,4
zph/moresql,4
filimonov/chc,4
crowdworks/cyqldog,4
stormforger/cli,4
ptinsley/fling,4
Nexinto/rancher-icinga,4
osuripple/cheesegull,4
SpencerCDixon/exocortex,4
mixer/wsplice,4
ohsawa0515/ec2-vuls-config,4
tsuru/deploy-agent,4
pyed/rtelegram,4
zerok/clocked,3
xreception/go-swagen,3
caarlos0/shcheck,3
ContaAzul/postgresql_exporter,3
asnodgrass/columbus-v1000,3
caarlos0-graveyard/cepinator,3
ellisonleao/fotolog-dl,3
afrase/mysqldumpsplit,3
FurqanSoftware/bullet,3
spiffe/aws-resolver,3
caarlos0/clone-org,3
prologic/gopherproxy,3
diasjorge/roly,3
cockroachdb/vendored,3
blacktop/how-ya-doing,3
TheTorProject/ooni-sync,3
pagumin/instago,3
lrstanley/marill,3
rai-project/carml,3
ethereumproject/janus,3
kizkoh/mackerel-plugin-nfiptables,3
praelatus/praelatus,3
kishaningithub/randomtext,3
foomo/gotsrpc,3
andygrunwald/perseus,3
Praqma/helmsman,3
kevingimbel/goserve,3
bureaux-a-partager/gh-slack-reminder,3
hemtjanst/hemtjanst,3
MYOB-Technology/dataform,3
circonus-labs/circonus-agent,3
ligato/vpp-sample-service,3
fsouza/s3-upload-proxy,2
deliveroo/paddle,2
kizkoh/mackerel-plugin-tcpeek,2
KemoKemo/go-kuronandash,2
koesie10/acme-dns-certbot-hook,2
fresh8/consulship,2
zet4/disguard,2
lucianjon/zk-exporter,2
spiffe/aws-iid-attestor,2
ingrammicro/concerto,2
spiffe/sidecar,2
ContaAzul/hystrix_exporter,2
drewsonne/go-gocd,2
thewraven/shrink,2
lrstanley/geoip,2
peeyushsrj/ui-music-junk-cleaner,2
yuuki/binrep,2
photoshelf/photoshelf-storage,2
Nexinto/check-rancher,2
petermbenjamin/go-open,2
PeterBooker/wpds,2
FrontMage/dynamo.cli,2
travisjeffery/mocker,2
rodkranz/char7,2
signalsciences/changelog,2
bureaux-a-partager/lucca-leaves-slack-reminder,2
Atrox/cain,2
KemoKemo/gckdir,2
phase2/rig,2
maliceio/engine,2
exitshell/konnect,2
but80/smaf825,2
petermbenjamin/aws-console,2
remyLemeunier/contactkey,2
jetstack/vault-helper,2
itzg/restify,2
shiftky/go-tmsh,2
frozzare/alfred,2
alphagov/paas-elasticache-broker,2
robertgzr/porcelain,2
ContaAzul/newrelic_exporter,2
shahinam/cloudac-dl,2
TylerBrock/saw,2
dwarvesf/glm,2
caarlos0/am-i-working,2
jcchavezs/zipkin-agent,2
martinlindhe/gohash,2
emir/weekly-share-cli,2
zcong1993/gist,1
rodrigodiez/smocha,1
dpastoor/gows,1
townewgokgok/slack-status,1
alexcrownus/vreg,1
av7573/av7573,1
Didstopia/motionerd,1
citizenfx/fx,1
binhq/gitbin,1
Versent/kinesis-tail,1
ReturnPath/protoc-gen-template,1
client9/markdown_tools,1
rafaelsales/street-sweeper,1
brightbox/terraform-provider-brightbox,1
blacktop/graboid,1
bketelsen/bjk,1
kevinburke/chroma-markdown,1
Jimdo/github-team-ssh-keys,1
wow-sweetlie/battleaxe,1
coveo/terraform-provider-quantum,1
philoserf/my_training,1
zaru/container-builder-local-api,1
MiLk/nmp,1
dpastoor/babylon,1
martensson/tpm,1
andefined/twreport,1
umovme/dbview,1
leighmcculloch/tldr,1
rai-project/dockerfile-builder,1
frozzare/dokku-prompt,1
testthedocs/henry,1
fdns/dnszeppelin-clickhouse,1
screwdriver-cd/sd-step,1
SSENSE/sqspush,1
drewsonne/terraform-provider-gocd,1
moonwalker/luna,1
mdp/delo,1
embano1/go-cicd,1
wrouesnel/pdns_exporter,1
embano1/dontdisturb,1
mcordell/storyview,1
wrouesnel/tail_exporter,1
paulvollmer/openapi-split,1
fsuhrau/gopretty,1
blp1526/isac,1
domudall/gce-sleep,1
128technology/influx-importer,1
beplus/makesplash,1
mdouchement/composer,1
martinhoefling/gosip,1
jbub/pgbouncer_exporter,1
tsauter/transmit,1
jeffijoe/total-rename,1
caarlos0/version_exporter,1
schollz/qrcode,1
dnna/terraform-provider-auth0,1
astronomerio/astro,1
ligato/bgp-agent,1
z4ce/s3-restore,1
sairam/httpsbin,1
izzulhaziq/aggregateapi,1
kevingimbel/fget,1
kevholditch/terraform-provider-kong,1
sfischer13/datautils,1
wangsongiam/command-count,1
Originate/exocom,1
aldor007/mort,1
omniscale/legendgraphic,1
alexhudson/stowage,1
Code-Hex/chair,1
bsep/server,1
cirocosta/l4,1
binhq/binbrew,1
asteris-llc/terraform-provisioner-converge,1
divanvisagie/JSON-translator,1
tbobm/gogit,1
avast/stor-client,1
goofansu/wego,1
peteraba/dblfinder,1
wrouesnel/self-contained-go-project,1
esiqveland/replayuploader,1
vlifesystems/rulehunter,1
davidderus/christopher,1
matthewmueller/giftbox,0
zlypher/track,0
gnur/golpje,0
hassansin/amqptools,0
willyb321/gthsmanage,0
andreiashu/cryptom,0
kamilsk/egg,0
divanvisagie/horrid,0
midorigreen/gmd,0
mbialon/hexdec,0
marianogappa/simil,0
predixapm/cases,0
zet4/go-travis-docker-test,0
dmlam-dev/Hugo,0
gincorp/gin,0
sascha-andres/gitbranch,0
hakupoint/test,0
naveego/plugin-pub-mssql,0
zerok/remarked,0
sascha-andres/go-snippet,0
diegofernandes/context-test,0
wrouesnel/go.powerdns,0
gofortune/gofortune,0
giacomocariello/terraform-provider-consulclient,0
DheerendraRathor/SimpleWsClient,0
zerok/pyvideosearch,0
spiegel-im-spiegel/hash,0
divanvisagie/postl,0
mattbangert/GoSkeleton,0
gstruct/terraform-provider-dockerclient,0
hamin/godesk,0
kaey/langtools,0
wrouesnel/reverseit,0
vromero/gofortune,0
lrstanley/nagios-notify-irc,0
tsuru/globomap-integration,0
diverdown/toggl2slack,0
kaleocheng/kanna,0
klauern/terraform-gitea-provider,0
bep/releaser-test,0
stve/tn,0
TunedMystic/gops,0
abhi18av/saigo,0
casept/yagopherd,0
blblblu/asami,0
cu-library/DOAJ2Crossref,0
Jimdo/github-downloader,0
nyodas/isinnexus,0
ewilde/terraform-provider-kibana,0
pikacloud/run-agent,0
hiromisuzuki/tellanch,0
helmci/mirror-plugin,0
thewraven/gsplit,0
divanvisagie/reverse-proxy,0
cassiobotaro/binary-assets,0
jamowei/senv,0
wangsongiam/go,0
adriaandejonge/contentful-hugo,0
giacomocariello/nickelcase,0
lrstanley/nagios-check-ircd,0
spiegel-im-spiegel/reldemo,0
wolfeidau/ggprov,0
KristinaEtc/goreleaser-test,0
augustopimenta/dev-dock,0
stathat/cmd,0
anyweez/matchgrab,0
stve/scar,0
unders/servdir,0
berfarah/knoch,0
alphaz-cn/fuckgfw,0
LemonSaaS/ghostsocks,0
Didstopia/symbolizer,0
sklevenz/goreleaser-test,0
klauern/terraform-gogs-provider,0
artudis-utils/artudis-orcid-report,0
dsbrng25b/mip,0
mplx/gosample,0
z7zmey/codegraph,0
5Sigma/spyder,0
screwdriver-cd/meta-cli,0
circonus-labs/circonus-logwatch,0
gugahoi/dogwatch,0
blp1526/gg,0
pocketgophers/pgviewer,0
noonien/tcp-proxy,0
zcong1993/gcommitter,0
gedex/gembel,0
jacted/test_goreleaser,0
simonswine/aws-nuke,0
wixb50/pet,0
coinapp-io/coinapp,0
zerok/tpl,0
mattstratton/bowie,0
sascha-andres/tardeploy,0
lrstanley/borg,0
kyleburton/randwords,0
Teamwork/godocgen,0
Jimdo/wonderland-prom-rulegen,0
emersion/do-dyn-domain,0
sean-/2017-joyent-hackathon,0
tukangkod/gorelease-example,0
jiro4989/md4pt,0
artberri/gitcleaner,0
tnoda78/posiserver,0
phrase-yourself/phrased,0
spiegel-im-spiegel/text,0
maliceio/cli,0
grapswiz/dfs,0
VagabondDataNinjas/gizlinebot,0
AndreaGhizzoni/zenium,0
Jimdo/autoscaling-file-sd,0
kyoh86/git-vertag,0
deepthawtz/heath,0
naveego/plugin-sub-test,0
gstruct/terraform-provider-run,0
bobvanluijt/RLY08B-controller,0
jetstack/airworthy,0
wablerfam/baku,0
dictybase-playground/gdrive-uploadr,0
divanvisagie/remote-wallpaper,0
dpastoor/cpdf,0
geoffreybauduin/iap-dump,0
naveego/plugin-sub-mariadb,0
citizenfx/client-downloader,0
antonu17/go-playgroud,0
wrouesnel/multihttp,0
jkusniar/vetbbedit,0
gedex/goreleaser-example-app,0
abhi18av/goHabitica,0
SpeckiJ/go_seamCarving,0
K7MSH/webcam-scraper,0
rdtr/bq-partition-porter,0
osteele/multiclone,0
divanvisagie/new,0
soopsio/go-sshd,0
GaoLiping/goreleaser,0
fsuhrau/gocat,0
yoclay/hugo-master,0
kevingimbel/goreleaser-demo,0
guyfedwards/gl,0
toxinu/diskotek,0
digivizer/newrelic-smith,0
itzg/img-hacker,0
codeskyblue/adbx,0
ingest/generate-playback-keys,0
sergiusens/hello,0
zaru/kamatakun,0
fprieur/stminfo,0
IFTTT/alb-tool,0
kpurdon/beerwall,0
gost-c/enr,0
paulchiu/xinput-toggle,0
nakaji-s/hbase-cmd,0
adrianbrink/tendereum,0
FenrirUnbound/mplater,0
provalabs/prova,0
chenshunlin/filemanager,0
jason-riddle/stateless,0
MathieuDoyon/sqspush,0
naveego/plugin-pub-test,0
cloudboss/keights,0
ncw/fsyncbench,0
martinplaner/felix,0
floriankammermann/vcloud-cli,0
vdparikh/go-sftp,0
devopsdays/devopsdays-cli,0
kyoh86/deject,0
sanathkr/go-helloworld,0
gillchristian/todos,0
wrouesnel/reverse_exporter,0
1531/bibot,0
5Sigma/conduit,0
tomsquest/bouyguessms,0
caarlos0/test,0
lego/roachnest,0
gstruct/sexecline,0
petems/gitgud,0
clintmod/diskusage,0
mchudgins/playground,0
dmush/sqlpack,0
midorigreen/gtrello,0
denisbrodbeck/sqip,0
leitaoxman/backup-lightsocks,0
DanielMSchmidt/flow-watcher,0
sebastianwebber/hba,0
abhi18av/s_a_i_go,0
ninnemana/fuz,0
gomatic/sub,0
sidmusa/hugo,0
spiegel-im-spiegel/mklink,0
goreleaser/example,0
jiro4989/genidx,0
wrouesnel/callback,0
domudall/gcu-check,0
uepoch/go-healthchecker,0
amir20/foobar,0
hawky-4s-/octoman,0
MerlinDMC/jsonbeat,0
zcong1993/pkg-version,0
cedriclam/helm-test,0
kogasoftware/dmocks,0
rentziass/codrops,0
Xe/disrelay,0
tosone/testGoRelease,0
mbialon/ncron,0
gedex/glek,0
UnAfraid/go-health-check,0
drewsonne/gocd-tf-generate,0
dependencies-io/pullrequest,0
artpar/gisio,0
rai-project/rai-keygen,0
mbesancon/tomate,0
itzg/haproxy-gen,0
client9/s3push,0
martinlindhe/tile-tools,0
wrouesnel/makecerts,0
circleci/ccidemo,0
tjyang/cmd1,0
fprieur/wb2d,0
hellofresh/github-cli,0
whyrv/clitemplate,0
dabster2/postgres_exporter,0
vovkasm/run-with-schedule,0
humio/cli,0
ynozue/apichecker,0
gofmt/go-scaffold,0
arran4/matchStickProblem,0
mitchgu/asdfland,0
humio/cli-python,0
screwdriver-cd/log-service,0
alastairruhm/zj-db-cluster,0
